departamento;ano;casos;proyeccion;tasa;CambioConteo;CambioCasos;CambioCasosPor
ARAUCA;2023;89;308301;28.867892092468075;Menor;267.0;75.0
ARAUCA;2022;356;304978;116.72973132488244;Mayor;171.0;92.43243243243242
ARAUCA;2021;185;301270;61.40671158761244;Mayor;70.0;60.86956521739131
ARAUCA;2020;115;294206;39.08825788733064;Menor;45.0;28.125
ARAUCA;2019;160;280109;57.1206209011492;Mayor;32.0;25.0
ARAUCA;2018;128;262174;48.8225377039676;Mayor;43.0;50.58823529411765
ARAUCA;2017;85;250502;33.931864815450574;Menor;2.0;2.2988505747126453
ARAUCA;2016;87;244206;35.62566030318665;Mayor;5.0;6.097560975609753
ARAUCA;2015;82;239772;34.199155864738174;Menor;61.0;42.65734265734266
ARAUCA;2014;143;236931;60.355124487720055;Mayor;22.0;18.181818181818187
ARAUCA;2013;121;234529;51.592766779374834;Menor;34.0;21.935483870967744
ARAUCA;2012;155;232316;66.71946831040479;Mayor;30.0;24.0
ARAUCA;2011;125;230349;54.26548411323687;Mayor;70.0;127.27272727272728
ARAUCA;2010;55;228513;24.06865254930792;NA;NA;NA
NARIÑO;2023;237;1631117;14.529920293884498;Menor;297.0;55.61797752808989
NARIÑO;2022;534;1629181;32.777205233795385;Menor;41.0;7.1304347826087024
NARIÑO;2021;575;1627386;35.33273605647339;Menor;71.0;10.990712074303403
NARIÑO;2020;646;1627589;39.69060985297885;Mayor;74.0;12.937062937062933
NARIÑO;2019;572;1628981;35.11397616055682;Menor;71.0;11.041990668740283
NARIÑO;2018;643;1630592;39.43353088939477;Mayor;99.0;18.19852941176471
NARIÑO;2017;544;1621984;33.53917177974628;Mayor;93.0;20.620842572062088
NARIÑO;2016;451;1615767;27.912440345668653;Mayor;3.0;0.6696428571428612
NARIÑO;2015;448;1608726;27.848123297565905;Menor;32.0;6.666666666666671
NARIÑO;2014;480;1601466;29.97253766236685;Menor;117.0;19.597989949748737
NARIÑO;2013;597;1594354;37.444632747808825;Menor;74.0;11.028315946348727
NARIÑO;2012;671;1586945;42.28249876334719;Mayor;80.0;13.536379018612521
NARIÑO;2011;591;1578559;37.439208797390535;Mayor;371.0;168.63636363636363
NARIÑO;2010;220;1569413;14.017979970855349;NA;NA;NA
BOGOTÁ D.C. (CT);2023;618;7968095;7.7559316248112;Menor;389.0;38.629592850049654
BOGOTÁ D.C. (CT);2022;1007;7901653;12.744168846695748;Menor;135.0;11.821366024518383
BOGOTÁ D.C. (CT);2021;1142;7834167;14.577172020969172;Menor;55.0;4.594820384294067
BOGOTÁ D.C. (CT);2020;1197;7743955;15.457217920300414;Mayor;145.0;13.783269961977183
BOGOTÁ D.C. (CT);2019;1052;7592871;13.855101713172791;Menor;12.0;1.127819548872182
BOGOTÁ D.C. (CT);2018;1064;7412566;14.3540037282636;Menor;73.0;6.420404573438873
BOGOTÁ D.C. (CT);2017;1137;7337449;15.495848761606384;Menor;129.0;10.189573459715646
BOGOTÁ D.C. (CT);2016;1266;7300918;17.340285153182105;Menor;78.0;5.803571428571431
BOGOTÁ D.C. (CT);2015;1344;7273265;18.478633736018143;Mayor;8.0;0.5988023952095745
BOGOTÁ D.C. (CT);2014;1336;7252949;18.42009367500033;Mayor;67.0;5.2797478329393215
BOGOTÁ D.C. (CT);2013;1269;7228427;17.555686735163818;Mayor;2.0;0.15785319652722762
BOGOTÁ D.C. (CT);2012;1267;7195980;17.60705282671714;Menor;371.0;22.649572649572647
BOGOTÁ D.C. (CT);2011;1638;7152656;22.900584062759343;Mayor;1184.0;260.79295154185024
BOGOTÁ D.C. (CT);2010;454;7096886;6.397171942736574;NA;NA;NA
BOLÍVAR;2023;408;2258929;18.06165665233392;Menor;210.0;33.98058252427184
BOLÍVAR;2022;618;2236603;27.63118890567526;Mayor;191.0;44.73067915690868
BOLÍVAR;2021;427;2213061;19.29454271707829;Menor;51.0;10.669456066945614
BOLÍVAR;2020;478;2180976;21.91679321551452;Mayor;95.0;24.8041775456919
BOLÍVAR;2019;383;2130512;17.97689944952199;Menor;3.0;0.7772020725388558
BOLÍVAR;2018;386;2070110;18.646352126215515;Menor;18.0;4.4554455445544505
BOLÍVAR;2017;404;2035711;19.84564606665681;Mayor;17.0;4.392764857881133
BOLÍVAR;2016;387;2013010;19.22494175389094;Menor;18.0;4.444444444444443
BOLÍVAR;2015;405;1993760;20.313377738544258;Igual;0.0;0.0
BOLÍVAR;2014;405;1977478;20.480632401472988;Menor;22.0;5.152224824355969
BOLÍVAR;2013;427;1961250;21.77182919056724;Mayor;45.0;11.78010471204189
BOLÍVAR;2012;382;1944299;19.647183895069634;Mayor;47.0;14.02985074626865
BOLÍVAR;2011;335;1926597;17.38817199445447;Mayor;222.0;196.46017699115043
BOLÍVAR;2010;113;1907930;5.922649153794951;NA;NA;NA
CASANARE;2023;30;444602;6.747607972973581;Menor;47.0;61.03896103896104
CASANARE;2022;77;442068;17.418134766596992;Menor;10.0;11.494252873563212
CASANARE;2021;87;439238;19.807029446450443;Menor;21.0;19.444444444444443
CASANARE;2020;108;435195;24.816461586185504;Mayor;47.0;77.04918032786884
CASANARE;2019;61;428563;14.2336132610608;Mayor;11.0;22.0
CASANARE;2018;50;420504;11.89049331278656;Menor;23.0;31.506849315068493
CASANARE;2017;73;411255;17.750544066333543;Menor;14.0;16.091954022988503
CASANARE;2016;87;403554;21.558453143817182;Mayor;10.0;12.987012987012989
CASANARE;2015;77;396320;19.42874444893016;Menor;20.0;20.618556701030926
CASANARE;2014;97;389511;24.90301942692248;Mayor;18.0;22.784810126582272
CASANARE;2013;79;382735;20.64091342573844;Menor;15.0;15.957446808510639
CASANARE;2012;94;375872;25.008513536523072;Mayor;39.0;70.9090909090909
CASANARE;2011;55;368912;14.90870451489786;Mayor;38.0;223.52941176470586
CASANARE;2010;17;361824;4.698416909878836;NA;NA;NA
VICHADA;2023;8;116944;6.840881105486386;Menor;11.0;57.89473684210526
VICHADA;2022;19;115778;16.410717061963414;Mayor;8.0;72.72727272727272
VICHADA;2021;11;114557;9.602206761699415;Menor;6.0;35.294117647058826
VICHADA;2020;17;112958;15.049841534021493;Menor;3.0;15.0
VICHADA;2019;20;110599;18.083346142370186;Menor;2.0;9.090909090909093
VICHADA;2018;22;107808;20.406648857227665;Menor;1.0;4.347826086956516
VICHADA;2017;23;105059;21.892460426998163;Mayor;8.0;53.33333333333334
VICHADA;2016;15;102663;14.61091142865492;Menor;2.0;11.764705882352942
VICHADA;2015;17;100392;16.933620208781576;Igual;0.0;0.0
VICHADA;2014;17;98228;17.306674268029482;Igual;0.0;0.0
VICHADA;2013;17;96057;17.69782524959139;Menor;13.0;43.333333333333336
VICHADA;2012;30;93849;31.966243646709074;Mayor;15.0;100.0
VICHADA;2011;15;91602;16.375188314665618;Mayor;7.0;87.5
VICHADA;2010;8;89314;8.95716237096088;NA;NA;NA
BOYACÁ;2023;57;1267378;4.497474313109427;Menor;48.0;45.714285714285715
BOYACÁ;2022;105;1259601;8.335973058135076;Mayor;20.0;23.529411764705884
BOYACÁ;2021;85;1251675;6.790900193740388;Igual;0.0;0.0
BOYACÁ;2020;85;1242731;6.839774657588811;Menor;6.0;6.593406593406598
BOYACÁ;2019;91;1230910;7.392904436555069;Mayor;5.0;5.813953488372093
BOYACÁ;2018;86;1217376;7.064374523565439;Mayor;10.0;13.15789473684211
BOYACÁ;2017;76;1207665;6.293135927595816;Menor;30.0;28.301886792452834
BOYACÁ;2016;106;1199978;8.833495280746813;Menor;10.0;8.620689655172413
BOYACÁ;2015;116;1193206;9.72170773529466;Mayor;3.0;2.654867256637175
BOYACÁ;2014;113;1187249;9.517801236303422;Menor;4.0;3.418803418803421
BOYACÁ;2013;117;1181580;9.90199563296603;Menor;11.0;8.59375
BOYACÁ;2012;128;1176069;10.883715156168558;Mayor;21.0;19.626168224299064
BOYACÁ;2011;107;1170640;9.140299323447003;Mayor;64.0;148.8372093023256
BOYACÁ;2010;43;1165204;3.690340918843396;NA;NA;NA
SUCRE;2023;218;981727;22.205765961412897;Mayor;12.0;5.825242718446603
SUCRE;2022;206;972350;21.185787010850003;Menor;22.0;9.649122807017548
SUCRE;2021;228;962457;23.689370018608624;Mayor;66.0;40.74074074074073
SUCRE;2020;162;949252;17.06606886264132;Mayor;2.0;1.25
SUCRE;2019;160;928984;17.223116867459506;Mayor;16.0;11.111111111111114
SUCRE;2018;144;904863;15.91401129231718;Mayor;28.0;24.13793103448276
SUCRE;2017;116;888638;13.053684402422585;Mayor;3.0;2.654867256637175
SUCRE;2016;113;877397;12.879004601109871;Menor;18.0;13.74045801526718
SUCRE;2015;131;867701;15.09736648914776;Menor;18.0;12.080536912751683
SUCRE;2014;149;859324;17.33921082152948;Menor;17.0;10.240963855421683
SUCRE;2013;166;851157;19.502864923862457;Mayor;18.0;12.162162162162161
SUCRE;2012;148;842950;17.557387745417877;Mayor;27.0;22.31404958677686
SUCRE;2011;121;834736;14.495601004389412;Mayor;86.0;245.71428571428572
SUCRE;2010;35;826411;4.235180799868346;NA;NA;NA
VALLE;2023;1337;4622132;28.926045383385848;Menor;862.0;39.19963619827194
VALLE;2022;2199;4589278;47.91603385107636;Menor;391.0;15.096525096525099
VALLE;2021;2590;4556752;56.838730745057006;Mayor;38.0;1.4890282131661507
VALLE;2020;2552;4532152;56.30879105555153;Mayor;304.0;13.52313167259787
VALLE;2019;2248;4506768;49.88053523056878;Mayor;6.0;0.2676181980374679
VALLE;2018;2242;4475886;50.09064127191801;Menor;141.0;5.916911456147716
VALLE;2017;2383;4432549;53.76139101902765;Mayor;3.0;0.12605042016807033
VALLE;2016;2380;4414569;53.91239779013535;Menor;222.0;8.53189853958493
VALLE;2015;2602;4397194;59.17410057413887;Menor;133.0;4.862888482632542
VALLE;2014;2735;4383018;62.39992626085497;Menor;701.0;20.401629802095457
VALLE;2013;3436;4371304;78.60354713376145;Menor;126.0;3.53733857383493
VALLE;2012;3562;4359288;81.71059127086808;Mayor;79.0;2.268159632500712
VALLE;2011;3483;4343131;80.19560082346123;Mayor;2443.0;234.90384615384613
VALLE;2010;1040;4323751;24.053189001864357;NA;NA;NA
GUAINÍA;2022;1;52061;1.9208236491807689;Menor;5.0;83.33333333333333
GUAINÍA;2021;6;51450;11.661807580174928;Mayor;1.0;20.0
GUAINÍA;2020;5;50636;9.874397661742634;Mayor;2.0;66.66666666666666
GUAINÍA;2019;3;49473;6.063913649869626;Igual;0.0;0.0
GUAINÍA;2018;3;48114;6.235191420376606;Igual;0.0;0.0
GUAINÍA;2017;3;46250;6.486486486486486;Mayor;1.0;50.0
GUAINÍA;2016;2;44722;4.472071910916328;Igual;0.0;0.0
GUAINÍA;2015;2;43291;4.6198979002564045;Menor;1.0;33.33333333333333
GUAINÍA;2014;3;41946;7.152052639107423;Menor;2.0;40.0
GUAINÍA;2013;5;40638;12.303755106058368;Mayor;4.0;400.0
GUAINÍA;2010;1;36793;2.7179082977740334;NA;NA;NA
ATLÁNTICO;2023;431;2835509;15.200092822840626;Menor;255.0;37.17201166180758
ATLÁNTICO;2022;686;2804025;24.464831804281346;Menor;26.0;3.6516853932584326
ATLÁNTICO;2021;712;2771139;25.693406213113093;Mayor;104.0;17.10526315789474
ATLÁNTICO;2020;608;2722128;22.335466958203288;Mayor;90.0;17.37451737451738
ATLÁNTICO;2019;518;2638151;19.634964033521964;Menor;30.0;5.474452554744531
ATLÁNTICO;2018;548;2535517;21.61294915395953;Menor;11.0;1.967799642218253
ATLÁNTICO;2017;559;2468429;22.645982525727906;Mayor;9.0;1.6363636363636402
ATLÁNTICO;2016;550;2427046;22.661292781430596;Menor;18.0;3.1690140845070403
ATLÁNTICO;2015;568;2393557;23.73037283006003;Mayor;51.0;9.864603481624755
ATLÁNTICO;2014;517;2366899;21.842926124012894;Mayor;9.0;1.7716535433070817
ATLÁNTICO;2013;508;2341335;21.697023279453816;Menor;41.0;7.4681238615664824
ATLÁNTICO;2012;549;2315361;23.711205293688543;Mayor;24.0;4.571428571428569
ATLÁNTICO;2011;525;2288947;22.93631088880608;Mayor;334.0;174.869109947644
ATLÁNTICO;2010;191;2261656;8.445139313847905;NA;NA;NA
HUILA;2023;156;1149598;13.569960977663497;Menor;122.0;43.884892086330936
HUILA;2022;278;1140932;24.36604460213229;Menor;41.0;12.85266457680251
HUILA;2021;319;1131934;28.18185512582889;Mayor;31.0;10.763888888888886
HUILA;2020;288;1122622;25.65422733564815;Mayor;28.0;10.769230769230774
HUILA;2019;260;1111844;23.384575533977788;Mayor;23.0;9.704641350210977
HUILA;2018;237;1100386;21.53789670170286;Mayor;28.0;13.397129186602868
HUILA;2017;209;1086654;19.23335302681442;Menor;44.0;17.391304347826093
HUILA;2016;253;1073916;23.55863959564808;Mayor;48.0;23.41463414634147
HUILA;2015;205;1061405;19.314022451373415;Menor;26.0;11.25541125541126
HUILA;2014;231;1049215;22.016459924800923;Menor;106.0;31.454005934718097
HUILA;2013;337;1037252;32.48969392201702;Mayor;15.0;4.658385093167695
HUILA;2012;322;1025384;31.402869559111515;Mayor;7.0;2.2222222222222285
HUILA;2011;315;1013418;31.082929255253013;Mayor;215.0;215.0
HUILA;2010;100;1001372;9.986298798049075;NA;NA;NA
ANTIOQUIA;2023;970;6994792;13.867460247567044;Menor;917.0;48.59565447800742
ANTIOQUIA;2022;1887;6887306;27.398230890278437;Menor;249.0;11.657303370786522
ANTIOQUIA;2021;2136;6782584;31.492422357025;Menor;193.0;8.286818376985835
ANTIOQUIA;2020;2329;6677930;34.87607686813129;Menor;33.0;1.3971210838272583
ANTIOQUIA;2019;2362;6550206;36.05993460358346;Menor;87.0;3.5524703960800394
ANTIOQUIA;2018;2449;6407102;38.22320918256023;Mayor;513.0;26.497933884297524
ANTIOQUIA;2017;1936;6296843;30.74556567473574;Mayor;58.0;3.0883919062832774
ANTIOQUIA;2016;1878;6211312;30.23515804712434;Menor;28.0;1.4690451206715665
ANTIOQUIA;2015;1906;6134953;31.06788267163579;Menor;79.0;3.9798488664987417
ANTIOQUIA;2014;1985;6066806;32.719028760768026;Menor;499.0;20.088566827697264
ANTIOQUIA;2013;2484;6001151;41.39205962322894;Menor;599.0;19.429127473240356
ANTIOQUIA;2012;3083;5935916;51.938066509027415;Mayor;140.0;4.7570506286102585
ANTIOQUIA;2011;2943;5869191;50.143196907376165;Mayor;2010.0;215.43408360128615
ANTIOQUIA;2010;933;5800160;16.08576315136134;NA;NA;NA
NORTE DE SANTANDER;2023;295;1658835;17.7835649718025;Menor;180.0;37.89473684210526
NORTE DE SANTANDER;2022;475;1651278;28.76559852429452;Menor;120.0;20.168067226890756
NORTE DE SANTANDER;2021;595;1642746;36.219841655374594;Menor;53.0;8.179012345679013
NORTE DE SANTANDER;2020;648;1620318;39.9921496891351;Mayor;133.0;25.825242718446603
NORTE DE SANTANDER;2019;515;1565362;32.89973820752005;Menor;7.0;1.3409961685823788
NORTE DE SANTANDER;2018;522;1491689;34.99388947696202;Mayor;8.0;1.5564202334630295
NORTE DE SANTANDER;2017;514;1446748;35.52795649276861;Menor;1.0;0.19417475728155864
NORTE DE SANTANDER;2016;515;1424761;36.1464133282705;Mayor;144.0;38.81401617250674
NORTE DE SANTANDER;2015;371;1409900;26.313922973260517;Menor;38.0;9.29095354523227
NORTE DE SANTANDER;2014;409;1401015;29.193120701776923;Menor;106.0;20.58252427184466
NORTE DE SANTANDER;2013;515;1392708;36.9783184989244;Menor;114.0;18.12400635930048
NORTE DE SANTANDER;2012;629;1383705;45.45766619329987;Mayor;58.0;10.157618213660243
NORTE DE SANTANDER;2011;571;1374254;41.54981539075018;Mayor;422.0;283.22147651006713
NORTE DE SANTANDER;2010;149;1363889;10.924642694530126;NA;NA;NA
CALDAS;2023;70;1046418;6.689487375026042;Menor;71.0;50.354609929078016
CALDAS;2022;141;1036455;13.604063852265655;Menor;35.0;19.88636363636364
CALDAS;2021;176;1027314;17.13205504840779;Menor;4.0;2.2222222222222285
CALDAS;2020;180;1018453;17.673864184208796;Mayor;18.0;11.111111111111114
CALDAS;2019;162;1008344;16.065945748673073;Menor;40.0;19.801980198019805
CALDAS;2018;202;998255;20.235310617026716;Mayor;13.0;6.878306878306873
CALDAS;2017;189;991363;19.06466148121324;Menor;26.0;12.093023255813947
CALDAS;2016;215;987214;21.778459381653825;Menor;5.0;2.2727272727272663
CALDAS;2015;220;984360;22.349546913730748;Menor;53.0;19.413919413919416
CALDAS;2014;273;982933;27.77401918543787;Menor;30.0;9.900990099009903
CALDAS;2013;303;982563;30.83771727614413;Menor;15.0;4.716981132075475
CALDAS;2012;318;982904;32.35310874714113;Menor;11.0;3.3434650455927084
CALDAS;2011;329;983498;33.45202532186136;Mayor;194.0;143.7037037037037
CALDAS;2010;135;984304;13.715274955704745;NA;NA;NA
SANTANDER;2023;244;2340657;10.424423569963476;Menor;144.0;37.11340206185567
SANTANDER;2022;388;2324090;16.694706315159912;Mayor;57.0;17.220543806646532
SANTANDER;2021;331;2306455;14.35102787611291;Igual;0.0;0.0
SANTANDER;2020;331;2280908;14.51176461304007;Mayor;29.0;9.602649006622514
SANTANDER;2019;302;2237587;13.496681916725471;Mayor;62.0;25.83333333333333
SANTANDER;2018;240;2184837;10.984801154502602;Igual;0.0;0.0
SANTANDER;2017;240;2146496;11.181013148871465;Menor;39.0;13.97849462365592
SANTANDER;2016;279;2119954;13.16066292004449;Mayor;2.0;0.7220216606498155
SANTANDER;2015;277;2097069;13.208912057733912;Menor;32.0;10.355987055016186
SANTANDER;2014;309;2077348;14.874734517278762;Menor;41.0;11.714285714285708
SANTANDER;2013;350;2057952;17.007199390461974;Mayor;39.0;12.540192926045023
SANTANDER;2012;311;2038122;15.259145428978243;Menor;14.0;4.307692307692307
SANTANDER;2011;325;2017680;16.107608738749455;Mayor;177.0;119.59459459459458
SANTANDER;2010;148;1996352;7.41352226461065;NA;NA;NA
VAUPÉS;2022;6;48932;12.261914493582932;Mayor;5.0;500.0
VAUPÉS;2021;1;46808;2.136386942403008;Menor;3.0;75.0
VAUPÉS;2020;4;44712;8.946144211844695;Mayor;1.0;33.33333333333334
VAUPÉS;2019;3;42721;7.022307530254442;Igual;0.0;0.0
VAUPÉS;2018;3;40797;7.353481873667182;Mayor;1.0;50.0
VAUPÉS;2017;2;39811;5.0237371580718895;Igual;0.0;0.0
VAUPÉS;2016;2;38737;5.163022433332473;Menor;4.0;66.66666666666666
VAUPÉS;2015;6;37638;15.941335883947074;Mayor;3.0;100.0
VAUPÉS;2014;3;36509;8.217151935139281;Mayor;1.0;50.0
VAUPÉS;2013;2;35353;5.657228523746217;Mayor;1.0;100.0
VAUPÉS;2012;1;34165;2.926972047416947;Igual;0.0;0.0
VAUPÉS;2011;1;32940;3.035822707953856;NA;NA;NA
CUNDINAMARCA;2023;227;3577177;6.345786076562608;Menor;155.0;40.575916230366495
CUNDINAMARCA;2022;382;3478323;10.982303828597862;Menor;58.0;13.181818181818187
CUNDINAMARCA;2021;440;3372221;13.047780676296128;Mayor;52.0;13.402061855670098
CUNDINAMARCA;2020;388;3242999;11.96423433988108;Mayor;6.0;1.5706806282722567
CUNDINAMARCA;2019;382;3085522;12.380401112032258;Menor;13.0;3.2911392405063253
CUNDINAMARCA;2018;395;2919060;13.531753372661065;Menor;41.0;9.403669724770637
CUNDINAMARCA;2017;436;2773285;15.721427837384184;Menor;16.0;3.5398230088495524
CUNDINAMARCA;2016;452;2652076;17.043252154161493;Menor;5.0;1.0940919037199137
CUNDINAMARCA;2015;457;2543338;17.968512246504396;Mayor;25.0;5.787037037037038
CUNDINAMARCA;2014;432;2446138;17.66049176293406;Menor;83.0;16.116504854368927
CUNDINAMARCA;2013;515;2357339;21.84666694098728;Mayor;129.0;33.41968911917098
CUNDINAMARCA;2012;386;2276097;16.95885544420998;Menor;41.0;9.601873536299763
CUNDINAMARCA;2011;427;2202092;19.39065216167172;Mayor;307.0;255.83333333333331
CUNDINAMARCA;2010;120;2134776;5.621198664403197;NA;NA;NA
PUTUMAYO;2023;104;374042;27.804364215783256;Menor;120.0;53.57142857142857
PUTUMAYO;2022;224;369064;60.69408015953872;Mayor;35.0;18.51851851851852
PUTUMAYO;2021;189;364085;51.91095485944216;Mayor;4.0;2.1621621621621614
PUTUMAYO;2020;185;359127;51.513809877842654;Mayor;16.0;9.46745562130178
PUTUMAYO;2019;169;353759;47.77263617321397;Mayor;10.0;6.289308176100633
PUTUMAYO;2018;159;348182;45.665772498291126;Mayor;27.0;20.454545454545453
PUTUMAYO;2017;132;340750;38.73807776962583;Mayor;22.0;20.0
PUTUMAYO;2016;110;334152;32.91915056620939;Menor;35.0;24.13793103448276
PUTUMAYO;2015;145;327856;44.22673368796057;Menor;72.0;33.17972350230414
PUTUMAYO;2014;217;321850;67.42271244368494;Menor;1.0;0.45871559633027914
PUTUMAYO;2013;218;315941;69.00022472550255;Mayor;34.0;18.47826086956522
PUTUMAYO;2012;184;310027;59.34966954491061;Mayor;22.0;13.580246913580254
PUTUMAYO;2011;162;303929;53.30192248847593;Mayor;97.0;149.23076923076923
PUTUMAYO;2010;65;297600;21.841397849462368;NA;NA;NA
META;2023;150;1088749;13.777280162829085;Menor;134.0;47.183098591549296
META;2022;284;1080706;26.279117539830445;Menor;36.0;11.25
META;2021;320;1072412;29.83927818786064;Menor;2.0;0.6211180124223574
META;2020;322;1063454;30.27869564645015;Mayor;102.0;46.363636363636374
META;2019;220;1052125;20.910062967803256;Menor;54.0;19.708029197080293
META;2018;274;1039722;26.353198258765325;Menor;10.0;3.5211267605633765
META;2017;284;1021943;27.790199649099804;Menor;15.0;5.016722408026752
META;2016;299;1004633;29.76211213448095;Menor;11.0;3.548387096774192
META;2015;310;987232;31.400927036400763;Menor;9.0;2.8213166144200557
META;2014;319;969808;32.89310873904938;Menor;1.0;0.3125
META;2013;320;952101;33.60987962411551;Menor;83.0;20.59553349875931
META;2012;403;933966;43.14932235220554;Mayor;14.0;3.598971722365036
META;2011;389;915277;42.50079484134311;Mayor;257.0;194.6969696969697
META;2010;132;896034;14.731583846148697;NA;NA;NA
CAUCA;2023;459;1528076;30.03777299034865;Menor;398.0;46.44107351225204
CAUCA;2022;857;1516018;56.529671811284565;Mayor;36.0;4.384896467722285
CAUCA;2021;821;1504044;54.58616902165096;Menor;99.0;10.76086956521739
CAUCA;2020;920;1491937;61.6648022000929;Mayor;143.0;18.404118404118407
CAUCA;2019;777;1478407;52.556569334425504;Mayor;89.0;12.936046511627907
CAUCA;2018;688;1464488;46.97887589382774;Mayor;119.0;20.91388400702988
CAUCA;2017;569;1448837;39.2728788676711;Mayor;37.0;6.954887218045116
CAUCA;2016;532;1434395;37.08880747632277;Menor;65.0;10.887772194304858
CAUCA;2015;597;1420313;42.03298850323837;Mayor;81.0;15.697674418604649
CAUCA;2014;516;1406735;36.68068257347688;Menor;8.0;1.5267175572519136
CAUCA;2013;524;1393465;37.60410200471487;Menor;115.0;17.996870109546165
CAUCA;2012;639;1380257;46.29572608579417;Mayor;62.0;10.745233968804158
CAUCA;2011;577;1366758;42.2166908845604;Mayor;389.0;206.91489361702128
CAUCA;2010;188;1352942;13.89564371569513;NA;NA;NA
GUAJIRA;2023;97;1015909;9.548099288420518;Menor;77.0;44.252873563218394
GUAJIRA;2022;174;1002394;17.3584438853385;Mayor;1.0;0.5780346820809257
GUAJIRA;2021;173;987781;17.514003610111956;Menor;42.0;19.53488372093024
GUAJIRA;2020;215;965718;22.263227981667526;Menor;1.0;0.4629629629629619
GUAJIRA;2019;216;927506;23.288259051693466;Menor;8.0;3.5714285714285694
GUAJIRA;2018;224;880560;25.438357408921597;Mayor;3.0;1.3574660633484115
GUAJIRA;2017;221;846012;26.122560909301527;Mayor;29.0;15.104166666666671
GUAJIRA;2016;192;822700;23.337790202990156;Mayor;9.0;4.918032786885249
GUAJIRA;2015;183;803092;22.78692852126531;Mayor;36.0;24.48979591836735
GUAJIRA;2014;147;786618;18.68759677505473;Menor;37.0;20.108695652173907
GUAJIRA;2013;184;770616;23.877002294268483;Menor;51.0;21.702127659574472
GUAJIRA;2012;235;754574;31.143400117152197;Mayor;6.0;2.620087336244538
GUAJIRA;2011;229;738743;30.998601678797638;Mayor;146.0;175.90361445783134
GUAJIRA;2010;83;722913;11.481326245343492;NA;NA;NA
CHOCÓ;2023;120;557654;21.518719492732053;Menor;169.0;58.477508650519034
CHOCÓ;2022;289;553519;52.21139653742689;Menor;3.0;1.0273972602739718
CHOCÓ;2021;292;549225;53.16582457098639;Menor;17.0;5.501618122977348
CHOCÓ;2020;309;544764;56.72180981122101;Mayor;88.0;39.81900452488688
CHOCÓ;2019;221;539933;40.93100440239808;Mayor;15.0;7.28155339805825
CHOCÓ;2018;206;534826;38.51719998653768;Menor;24.0;10.434782608695656
CHOCÓ;2017;230;526888;43.65254095747103;Mayor;16.0;7.476635514018696
CHOCÓ;2016;214;518234;41.29408722700556;Mayor;55.0;34.59119496855345
CHOCÓ;2015;159;509240;31.222998978870475;Menor;19.0;10.67415730337079
CHOCÓ;2014;178;499946;35.60384521528325;Menor;27.0;13.170731707317074
CHOCÓ;2013;205;490338;41.80789577801435;Menor;14.0;6.392694063926939
CHOCÓ;2012;219;480391;45.58786488506238;Mayor;63.0;40.38461538461539
CHOCÓ;2011;156;470087;33.1853465422358;Mayor;126.0;420.0
CHOCÓ;2010;30;459453;6.529503561844193;NA;NA;NA
RISARALDA;2023;145;988091;14.67476173753227;Menor;74.0;33.789954337899545
RISARALDA;2022;219;977829;22.396553998705294;Menor;9.0;3.94736842105263
RISARALDA;2021;228;968626;23.53849679855796;Menor;10.0;4.201680672268907
RISARALDA;2020;238;961055;24.764451566247512;Mayor;13.0;5.7777777777777715
RISARALDA;2019;225;952511;23.621774446699305;Mayor;6.0;2.7397260273972535
RISARALDA;2018;219;943401;23.21388253775436;Menor;56.0;20.36363636363636
RISARALDA;2017;275;935164;29.4066067556065;Menor;12.0;4.181184668989545
RISARALDA;2016;287;929046;30.891904168361958;Menor;26.0;8.306709265175712
RISARALDA;2015;313;923443;33.89489118440445;Menor;11.0;3.3950617283950635
RISARALDA;2014;324;918965;35.25705549177607;Menor;32.0;8.98876404494382
RISARALDA;2013;356;915413;38.88955039965568;Menor;29.0;7.532467532467535
RISARALDA;2012;385;912087;42.21088558437956;Menor;8.0;2.0356234096692134
RISARALDA;2011;393;907896;43.28689629649211;Mayor;257.0;188.97058823529414
RISARALDA;2010;136;902994;15.061008157307802;NA;NA;NA
GUAVIARE;2023;31;92281;33.59304732285086;Menor;9.0;22.5
GUAVIARE;2022;40;90357;44.268844693825606;Mayor;8.0;25.0
GUAVIARE;2021;32;88490;36.16227822352808;Igual;0.0;0.0
GUAVIARE;2020;32;86657;36.927195725677095;Igual;0.0;0.0
GUAVIARE;2019;32;84716;37.77326597100902;Mayor;11.0;52.38095238095238
GUAVIARE;2018;21;82767;25.372431041357064;Menor;18.0;46.15384615384615
GUAVIARE;2017;39;80507;48.44299253481064;Mayor;17.0;77.27272727272728
GUAVIARE;2016;22;78796;27.92019899487284;Menor;12.0;35.294117647058826
GUAVIARE;2015;34;77328;43.968549555141735;Menor;8.0;19.04761904761905
GUAVIARE;2014;42;76101;55.18981353727283;Menor;10.0;19.230769230769226
GUAVIARE;2013;52;75092;69.24838864326426;Mayor;4.0;8.333333333333329
GUAVIARE;2012;48;74281;64.61948546734698;Mayor;4.0;9.090909090909093
GUAVIARE;2011;44;73652;59.74040080377994;Mayor;21.0;91.30434782608697
GUAVIARE;2010;23;73194;31.42334071098724;NA;NA;NA
MAGDALENA;2023;280;1476665;18.96164668357413;Menor;216.0;43.54838709677419
MAGDALENA;2022;496;1463427;33.89304693708672;Mayor;117.0;30.870712401055414
MAGDALENA;2021;379;1449087;26.154399287275368;Mayor;40.0;11.799410029498532
MAGDALENA;2020;339;1427026;23.755698915086334;Mayor;78.0;29.88505747126436
MAGDALENA;2019;261;1388832;18.79276975184904;Mayor;43.0;19.724770642201833
MAGDALENA;2018;218;1341746;16.247486484029018;Mayor;14.0;6.862745098039213
MAGDALENA;2017;204;1309259;15.581332646939986;Mayor;3.0;1.492537313432834
MAGDALENA;2016;201;1287462;15.612111270080204;Mayor;9.0;4.6875
MAGDALENA;2015;192;1268980;15.130262100269508;Menor;24.0;11.111111111111114
MAGDALENA;2014;216;1253211;17.235724869954062;Menor;120.0;35.71428571428571
MAGDALENA;2013;336;1237543;27.15057173770932;Menor;39.0;10.400000000000006
MAGDALENA;2012;375;1221419;30.701994974697467;Mayor;30.0;8.695652173913047
MAGDALENA;2011;345;1204977;28.631251882816024;Mayor;241.0;231.73076923076923
MAGDALENA;2010;104;1188000;8.754208754208754;NA;NA;NA
CAQUETÁ;2023;81;423857;19.1102187766157;Menor;62.0;43.35664335664335
CAQUETÁ;2022;143;419275;34.106493351618866;Mayor;6.0;4.379562043795616
CAQUETÁ;2021;137;414841;33.02470103003319;Menor;26.0;15.950920245398777
CAQUETÁ;2020;163;410521;39.70564234229187;Mayor;5.0;3.1645569620253156
CAQUETÁ;2019;158;406142;38.90264981213468;Menor;20.0;11.235955056179776
CAQUETÁ;2018;178;401849;44.29524522892928;Menor;2.0;1.1111111111111143
CAQUETÁ;2017;180;401099;44.87670126327914;Mayor;37.0;25.87412587412588
CAQUETÁ;2016;143;399983;35.751519439576185;Menor;36.0;20.111731843575413
CAQUETÁ;2015;179;398725;44.89309674587748;Menor;41.0;18.63636363636364
CAQUETÁ;2014;220;397383;55.36220724087341;Menor;70.0;24.13793103448276
CAQUETÁ;2013;290;395947;73.24212584007456;Mayor;18.0;6.617647058823536
CAQUETÁ;2012;272;394379;68.969189535954;Mayor;28.0;11.47540983606558
CAQUETÁ;2011;244;392611;62.14802947446709;Mayor;126.0;106.77966101694915
CAQUETÁ;2010;118;390645;30.206453429584407;NA;NA;NA
SAN ANDRÉS;2023;22;65663;33.504408875622495;Menor;7.0;24.13793103448276
SAN ANDRÉS;2022;29;65228;44.45943459863862;Menor;6.0;17.14285714285714
SAN ANDRÉS;2021;35;64672;54.11924789708065;Menor;10.0;22.22222222222223
SAN ANDRÉS;2020;45;63692;70.65251522954216;Mayor;20.0;80.0
SAN ANDRÉS;2019;25;62482;40.01152331871579;Menor;1.0;3.8461538461538396
SAN ANDRÉS;2018;26;61280;42.42819843342036;Mayor;3.0;13.043478260869563
SAN ANDRÉS;2017;23;61309;37.51488362230668;Mayor;11.0;91.66666666666666
SAN ANDRÉS;2016;12;61358;19.557351934548063;Menor;6.0;33.33333333333333
SAN ANDRÉS;2015;18;61406;29.31309644008729;Menor;5.0;21.73913043478261
SAN ANDRÉS;2014;23;61463;37.42088736312903;Mayor;4.0;21.05263157894737
SAN ANDRÉS;2013;19;61543;30.87272313666867;Mayor;3.0;18.75
SAN ANDRÉS;2012;16;61633;25.96011876754336;Menor;6.0;27.272727272727266
SAN ANDRÉS;2011;22;61711;35.650046183014375;Mayor;14.0;175.0
SAN ANDRÉS;2010;8;61787;12.947707446550243;NA;NA;NA
CÓRDOBA;2023;182;1868166;9.742174945909518;Menor;223.0;55.06172839506173
CÓRDOBA;2022;405;1856496;21.81529074126742;Mayor;56.0;16.045845272206307
CÓRDOBA;2021;349;1844076;18.92546728009041;Mayor;13.0;3.8690476190476204
CÓRDOBA;2020;336;1828947;18.371226722261497;Menor;67.0;16.625310173697272
CÓRDOBA;2019;403;1808439;22.284412136654872;Mayor;38.0;10.410958904109592
CÓRDOBA;2018;365;1784783;20.4506654310356;Mayor;105.0;40.38461538461539
CÓRDOBA;2017;260;1763053;14.7471460018502;Menor;72.0;21.686746987951807
CÓRDOBA;2016;332;1744254;19.03392510494458;Mayor;65.0;24.344569288389508
CÓRDOBA;2015;267;1726287;15.46672135050545;Menor;53.0;16.5625
CÓRDOBA;2014;320;1709003;18.724367365066065;Menor;33.0;9.348441926345615
CÓRDOBA;2013;353;1691609;20.86770642624862;Menor;4.0;1.1204481792717047
CÓRDOBA;2012;357;1673891;21.327553586225147;Menor;195.0;35.326086956521735
CÓRDOBA;2011;552;1655818;33.33699718205745;Mayor;378.0;217.24137931034483
CÓRDOBA;2010;174;1637310;10.627187276691648;NA;NA;NA
TOLIMA;2023;227;1350060;16.814067522924905;Menor;136.0;37.46556473829201
TOLIMA;2022;363;1346935;26.95007554187841;Menor;18.0;4.7244094488189035
TOLIMA;2021;381;1343898;28.350365875981662;Mayor;120.0;45.97701149425288
TOLIMA;2020;261;1339998;19.477641011404497;Menor;5.0;1.8796992481203034
TOLIMA;2019;266;1335313;19.92042315172548;Menor;6.0;2.205882352941174
TOLIMA;2018;272;1330187;20.448252764460936;Menor;46.0;14.465408805031444
TOLIMA;2017;318;1326203;23.978229577221587;Menor;6.0;1.8518518518518476
TOLIMA;2016;324;1323323;24.483818387498744;Menor;7.0;2.1148036253776468
TOLIMA;2015;331;1320911;25.05846343924761;Menor;19.0;5.428571428571431
TOLIMA;2014;350;1319060;26.534046972844298;Mayor;2.0;0.5747126436781542
TOLIMA;2013;348;1317507;26.413521901591416;Menor;46.0;11.675126903553306
TOLIMA;2012;394;1316054;29.937981268245835;Mayor;54.0;15.882352941176464
TOLIMA;2011;340;1314479;25.865761263588084;Mayor;237.0;230.09708737864077
TOLIMA;2010;103;1312768;7.846016965678627;NA;NA;NA
AMAZONAS;2023;13;83808;15.511645666284842;Menor;19.0;59.375
AMAZONAS;2022;32;82068;38.992055368718624;Mayor;8.0;33.33333333333334
AMAZONAS;2021;24;80464;29.82700338039372;Mayor;17.0;242.85714285714283
AMAZONAS;2020;7;79020;8.85851683118198;Mayor;1.0;16.66666666666667
AMAZONAS;2019;6;77753;7.716744048461153;Menor;2.0;25.0
AMAZONAS;2018;8;76589;10.445364216793536;Mayor;3.0;60.0
AMAZONAS;2017;5;75104;6.657435023434171;Menor;13.0;72.22222222222223
AMAZONAS;2016;18;73790;24.393549261417537;Mayor;9.0;100.0
AMAZONAS;2015;9;72485;12.416362005932262;Menor;11.0;55.0
AMAZONAS;2014;20;71215;28.0839710735098;Mayor;9.0;81.81818181818181
AMAZONAS;2013;11;69953;15.724843823710208;Mayor;1.0;10.0
AMAZONAS;2012;10;68681;14.560067558713472;Menor;1.0;9.090909090909093
AMAZONAS;2011;11;67361;16.32992384317335;Mayor;9.0;450.0
AMAZONAS;2010;2;65991;3.030716309799821;NA;NA;NA
CESAR;2023;210;1359719;15.44436754947162;Menor;151.0;41.82825484764543
CESAR;2022;361;1341697;26.90622398350745;Mayor;83.0;29.856115107913666
CESAR;2021;278;1322466;21.02133438591238;Mayor;39.0;16.31799163179916
CESAR;2020;239;1295387;18.450084800912776;Mayor;9.0;3.9130434782608745
CESAR;2019;230;1252398;18.36476902709841;Menor;4.0;1.7094017094017033
CESAR;2018;234;1200574;19.49067695952103;Mayor;25.0;11.961722488038276
CESAR;2017;209;1162415;17.9798092763772;Mayor;29.0;16.111111111111114
CESAR;2016;180;1136299;15.840901030450611;Menor;38.0;17.431192660550465
CESAR;2015;218;1114269;19.564396030043014;Mayor;19.0;9.547738693467338
CESAR;2014;199;1095719;18.16159069980533;Menor;60.0;23.166023166023166
CESAR;2013;259;1078033;24.025238559487512;Mayor;36.0;16.143497757847527
CESAR;2012;223;1060658;21.0246846768704;Menor;2.0;0.8888888888888857
CESAR;2011;225;1043754;21.556803614644828;Mayor;145.0;181.25
CESAR;2010;80;1027089;7.789003679330613;NA;NA;NA
QUINDÍO;2023;114;577543;19.73879001217225;Menor;47.0;29.192546583850927
QUINDÍO;2022;161;569569;28.266987845195228;Menor;28.0;14.81481481481481
QUINDÍO;2021;189;562117;33.622893454565514;Menor;12.0;5.97014925373135
QUINDÍO;2020;201;555401;36.190068076939006;Mayor;8.0;4.145077720207254
QUINDÍO;2019;193;547855;35.2282994587984;Menor;18.0;8.530805687203795
QUINDÍO;2018;211;539904;39.08102181128497;Mayor;10.0;4.975124378109456
QUINDÍO;2017;201;533966;37.64284617372642;Menor;59.0;22.692307692307693
QUINDÍO;2016;260;529891;49.0666948485632;Menor;11.0;4.0590405904059
QUINDÍO;2015;271;526484;51.47354905372244;Mayor;41.0;17.826086956521735
QUINDÍO;2014;230;523970;43.89564288031757;Menor;18.0;7.258064516129039
QUINDÍO;2013;248;522157;47.495293561132;Mayor;11.0;4.641350210970458
QUINDÍO;2012;237;520697;45.51591424571296;Mayor;29.0;13.942307692307693
QUINDÍO;2011;208;519089;40.0701999079156;Mayor;143.0;220.0
QUINDÍO;2010;65;517347;12.564101077226695;NA;NA;NA
